-- phpMyAdmin SQL Dump
-- version 5.2.1
-- https://www.phpmyadmin.net/
--
-- Host: 127.0.0.1
-- Generation Time: Oct 06, 2023 at 04:04 PM
-- Server version: 10.4.28-MariaDB
-- PHP Version: 8.2.4

SET SQL_MODE = "NO_AUTO_VALUE_ON_ZERO";
START TRANSACTION;
SET time_zone = "+00:00";


/*!40101 SET @OLD_CHARACTER_SET_CLIENT=@@CHARACTER_SET_CLIENT */;
/*!40101 SET @OLD_CHARACTER_SET_RESULTS=@@CHARACTER_SET_RESULTS */;
/*!40101 SET @OLD_COLLATION_CONNECTION=@@COLLATION_CONNECTION */;
/*!40101 SET NAMES utf8mb4 */;

--
-- Database: `evaluation`
--

-- --------------------------------------------------------

--
-- Table structure for table `category`
--

CREATE TABLE `category` (
  `catID` int(11) NOT NULL,
  `catname` varchar(255) NOT NULL,
  `catdescE` varchar(255) NOT NULL
) ENGINE=InnoDB DEFAULT CHARSET=utf8mb4 COLLATE=utf8mb4_general_ci;

--
-- Dumping data for table `category`
--

INSERT INTO `category` (`catID`, `catname`, `catdescE`) VALUES
(1, 'Mastery of the Subject Matter', 'Is an evidence of personal and professional growth of the teachers.'),
(2, 'Teaching Skills and Class Management', 'Describe the expertise and personal qualities that a teacher needs to possess to thrive while educating students.'),
(3, 'Personal Traits and Professional Qualities', '');

-- --------------------------------------------------------

--
-- Table structure for table `choice`
--

CREATE TABLE `choice` (
  `choicesID` int(11) NOT NULL,
  `choices` tinyint(10) NOT NULL,
  `description` varchar(255) NOT NULL
) ENGINE=InnoDB DEFAULT CHARSET=utf8mb4 COLLATE=utf8mb4_general_ci;

--
-- Dumping data for table `choice`
--

INSERT INTO `choice` (`choicesID`, `choices`, `description`) VALUES
(1, 1, 'Need Improvement'),
(2, 2, 'Fair'),
(3, 3, 'Satisfactory'),
(4, 4, 'Very Satisfactory'),
(5, 5, 'Excellent');

-- --------------------------------------------------------

--
-- Table structure for table `comments`
--

CREATE TABLE `comments` (
  `commID` int(11) NOT NULL,
  `studNum` varchar(255) NOT NULL,
  `fmID` int(255) NOT NULL,
  `comms` varchar(255) DEFAULT NULL,
  `pos` int(11) NOT NULL DEFAULT 0,
  `neg` int(11) NOT NULL DEFAULT 0,
  `commdate` datetime DEFAULT NULL
) ENGINE=InnoDB DEFAULT CHARSET=utf8mb4 COLLATE=utf8mb4_general_ci;

--
-- Dumping data for table `comments`
--

INSERT INTO `comments` (`commID`, `studNum`, `fmID`, `comms`, `pos`, `neg`, `commdate`) VALUES
(1, '19-13864', 1, 'nakakainspire ka magturo sir! goodjobbb &lt;3', 0, 0, '2023-09-09 17:06:40'),
(2, '18-12838', 8, 'I don\'t understand him sometimes, the lesson is very hard to absorb.', 0, 0, '2023-09-09 17:14:16'),
(3, '22-00073', 4, 'Very Good Sir!!', 0, 0, '2023-09-09 17:16:21'),
(4, '19-13777', 6, 'strict but effective in the classroom', 0, 0, '2023-09-09 17:20:52'),
(5, '20-14810', 7, 'Galing mo sir, the best ka!', 0, 0, '2023-09-09 17:23:01'),
(6, '18-12853', 7, '', 0, 0, '2023-09-09 17:25:37'),
(7, '19-13885', 19, 'Goodjob Ma\'am', 0, 0, '2023-09-09 17:35:22'),
(8, '21-00399', 17, 'strict yet excellent teacher', 0, 0, '2023-09-09 17:40:16'),
(9, '18-13063', 11, 'i love it when he explains everything', 0, 0, '2023-09-09 17:44:46'),
(10, '19-13839', 15, 'Good enough..', 0, 0, '2023-09-09 18:46:40'),
(11, '19-13777', 2, 'verygood', 0, 0, '2023-10-01 05:26:47'),
(12, '19-13777', 6, '', 0, 0, '2023-10-01 05:33:34');

-- --------------------------------------------------------

--
-- Table structure for table `department`
--

CREATE TABLE `department` (
  `deptID` int(11) NOT NULL,
  `deptcode` varchar(255) NOT NULL,
  `deptname` varchar(255) NOT NULL,
  `is_deleted` tinyint(1) NOT NULL DEFAULT 0
) ENGINE=InnoDB DEFAULT CHARSET=utf8mb4 COLLATE=utf8mb4_general_ci;

--
-- Dumping data for table `department`
--

INSERT INTO `department` (`deptID`, `deptcode`, `deptname`, `is_deleted`) VALUES
(1, 'BSIT', 'Bachelor of Science in Information Technology', 0),
(2, 'BSHM', 'Bachelor of Science in Hotel Management', 0),
(3, 'BSTM', 'Bachelor of Science in Tourism Management', 0),
(4, 'BEED', 'Bachelor of Elementary Education', 0),
(5, 'BSED', 'Bachelor of Secondary Education', 0),
(6, 'BSBA', 'Bachelor of Science in Business Administration', 1),
(7, 'BS Criminology', 'Bachelor of Science in Criminology', 1),
(8, 'BSES', 'Bachelor of Science in Environmental Science', 1),
(9, 'BSFi', 'Bachelor of Science in Fisheries', 1),
(10, 'BSCS', 'Bachelor of Science in Computer Science', 1),
(11, 'ICT', 'Information Technology', 1),
(12, 'BCom', 'Bachelor of Commerce', 1),
(13, 'BPEd', 'Bachelor of Physical Education', 1),
(14, 'AB Broadcasting', 'Bachelor of Arts in Broadcasting', 1),
(15, 'BPA', 'Bachelor of Public Administration', 1);

-- --------------------------------------------------------

--
-- Table structure for table `eva`
--

CREATE TABLE `eva` (
  `evaID` int(11) NOT NULL,
  `studNum` varchar(255) NOT NULL,
  `fmID` int(255) NOT NULL,
  `quesID` int(255) NOT NULL,
  `choicesID` int(255) NOT NULL,
  `commID` int(11) NOT NULL,
  `evadate` datetime DEFAULT NULL,
  `syID` int(11) NOT NULL
) ENGINE=InnoDB DEFAULT CHARSET=utf8mb4 COLLATE=utf8mb4_general_ci;

--
-- Dumping data for table `eva`
--

INSERT INTO `eva` (`evaID`, `studNum`, `fmID`, `quesID`, `choicesID`, `commID`, `evadate`, `syID`) VALUES
(1, '19-13864', 1, 1, 5, 1, '2023-09-09 17:06:40', 1),
(2, '19-13864', 1, 2, 5, 1, '2023-09-09 17:06:40', 1),
(3, '19-13864', 1, 3, 5, 1, '2023-09-09 17:06:40', 1),
(4, '19-13864', 1, 4, 5, 1, '2023-09-09 17:06:40', 1),
(5, '19-13864', 1, 5, 5, 1, '2023-09-09 17:06:40', 1),
(6, '19-13864', 1, 6, 5, 1, '2023-09-09 17:06:40', 1),
(7, '19-13864', 1, 7, 5, 1, '2023-09-09 17:06:40', 1),
(8, '19-13864', 1, 8, 4, 1, '2023-09-09 17:06:40', 1),
(9, '19-13864', 1, 9, 5, 1, '2023-09-09 17:06:40', 1),
(10, '19-13864', 1, 10, 5, 1, '2023-09-09 17:06:40', 1),
(11, '19-13864', 1, 11, 5, 1, '2023-09-09 17:06:40', 1),
(12, '19-13864', 1, 12, 5, 1, '2023-09-09 17:06:40', 1),
(13, '19-13864', 1, 13, 5, 1, '2023-09-09 17:06:40', 1),
(14, '19-13864', 1, 14, 5, 1, '2023-09-09 17:06:40', 1),
(15, '19-13864', 1, 15, 5, 1, '2023-09-09 17:06:40', 1),
(16, '19-13864', 1, 16, 5, 1, '2023-09-09 17:06:40', 1),
(17, '19-13864', 1, 17, 5, 1, '2023-09-09 17:06:40', 1),
(18, '19-13864', 1, 18, 5, 1, '2023-09-09 17:06:40', 1),
(19, '19-13864', 1, 19, 5, 1, '2023-09-09 17:06:40', 1),
(20, '19-13864', 1, 20, 5, 1, '2023-09-09 17:06:40', 1),
(21, '19-13864', 1, 21, 5, 1, '2023-09-09 17:06:40', 1),
(22, '19-13864', 1, 22, 5, 1, '2023-09-09 17:06:40', 1),
(23, '19-13864', 1, 23, 5, 1, '2023-09-09 17:06:40', 1),
(24, '19-13864', 1, 24, 5, 1, '2023-09-09 17:06:40', 1),
(25, '19-13864', 1, 25, 5, 1, '2023-09-09 17:06:40', 1),
(26, '19-13864', 1, 26, 5, 1, '2023-09-09 17:06:40', 1),
(27, '19-13864', 1, 27, 5, 1, '2023-09-09 17:06:40', 1),
(28, '19-13864', 1, 28, 5, 1, '2023-09-09 17:06:40', 1),
(29, '19-13864', 1, 29, 5, 1, '2023-09-09 17:06:40', 1),
(30, '18-12838', 8, 1, 4, 2, '2023-09-09 17:14:16', 1),
(31, '18-12838', 8, 2, 4, 2, '2023-09-09 17:14:16', 1),
(32, '18-12838', 8, 3, 3, 2, '2023-09-09 17:14:16', 1),
(33, '18-12838', 8, 4, 3, 2, '2023-09-09 17:14:16', 1),
(34, '18-12838', 8, 5, 3, 2, '2023-09-09 17:14:16', 1),
(35, '18-12838', 8, 6, 4, 2, '2023-09-09 17:14:16', 1),
(36, '18-12838', 8, 7, 4, 2, '2023-09-09 17:14:16', 1),
(37, '18-12838', 8, 8, 3, 2, '2023-09-09 17:14:16', 1),
(38, '18-12838', 8, 9, 3, 2, '2023-09-09 17:14:16', 1),
(39, '18-12838', 8, 10, 3, 2, '2023-09-09 17:14:16', 1),
(40, '18-12838', 8, 11, 3, 2, '2023-09-09 17:14:16', 1),
(41, '18-12838', 8, 12, 4, 2, '2023-09-09 17:14:16', 1),
(42, '18-12838', 8, 13, 5, 2, '2023-09-09 17:14:16', 1),
(43, '18-12838', 8, 14, 4, 2, '2023-09-09 17:14:16', 1),
(44, '18-12838', 8, 15, 3, 2, '2023-09-09 17:14:16', 1),
(45, '18-12838', 8, 16, 3, 2, '2023-09-09 17:14:16', 1),
(46, '18-12838', 8, 17, 3, 2, '2023-09-09 17:14:16', 1),
(47, '18-12838', 8, 18, 4, 2, '2023-09-09 17:14:16', 1),
(48, '18-12838', 8, 19, 3, 2, '2023-09-09 17:14:16', 1),
(49, '18-12838', 8, 20, 4, 2, '2023-09-09 17:14:16', 1),
(50, '18-12838', 8, 21, 2, 2, '2023-09-09 17:14:16', 1),
(51, '18-12838', 8, 22, 5, 2, '2023-09-09 17:14:16', 1),
(52, '18-12838', 8, 23, 5, 2, '2023-09-09 17:14:16', 1),
(53, '18-12838', 8, 24, 3, 2, '2023-09-09 17:14:16', 1),
(54, '18-12838', 8, 25, 4, 2, '2023-09-09 17:14:16', 1),
(55, '18-12838', 8, 26, 5, 2, '2023-09-09 17:14:16', 1),
(56, '18-12838', 8, 27, 4, 2, '2023-09-09 17:14:16', 1),
(57, '18-12838', 8, 28, 3, 2, '2023-09-09 17:14:16', 1),
(58, '18-12838', 8, 29, 4, 2, '2023-09-09 17:14:16', 1),
(59, '22-00073', 4, 1, 5, 3, '2023-09-09 17:16:21', 1),
(60, '22-00073', 4, 2, 5, 3, '2023-09-09 17:16:21', 1),
(61, '22-00073', 4, 3, 5, 3, '2023-09-09 17:16:21', 1),
(62, '22-00073', 4, 4, 5, 3, '2023-09-09 17:16:21', 1),
(63, '22-00073', 4, 5, 5, 3, '2023-09-09 17:16:21', 1),
(64, '22-00073', 4, 6, 5, 3, '2023-09-09 17:16:21', 1),
(65, '22-00073', 4, 7, 5, 3, '2023-09-09 17:16:21', 1),
(66, '22-00073', 4, 8, 5, 3, '2023-09-09 17:16:21', 1),
(67, '22-00073', 4, 9, 5, 3, '2023-09-09 17:16:21', 1),
(68, '22-00073', 4, 10, 5, 3, '2023-09-09 17:16:21', 1),
(69, '22-00073', 4, 11, 5, 3, '2023-09-09 17:16:21', 1),
(70, '22-00073', 4, 12, 5, 3, '2023-09-09 17:16:21', 1),
(71, '22-00073', 4, 13, 5, 3, '2023-09-09 17:16:21', 1),
(72, '22-00073', 4, 14, 5, 3, '2023-09-09 17:16:21', 1),
(73, '22-00073', 4, 15, 5, 3, '2023-09-09 17:16:21', 1),
(74, '22-00073', 4, 16, 5, 3, '2023-09-09 17:16:21', 1),
(75, '22-00073', 4, 17, 5, 3, '2023-09-09 17:16:21', 1),
(76, '22-00073', 4, 18, 5, 3, '2023-09-09 17:16:21', 1),
(77, '22-00073', 4, 19, 5, 3, '2023-09-09 17:16:21', 1),
(78, '22-00073', 4, 20, 5, 3, '2023-09-09 17:16:21', 1),
(79, '22-00073', 4, 21, 5, 3, '2023-09-09 17:16:21', 1),
(80, '22-00073', 4, 22, 5, 3, '2023-09-09 17:16:21', 1),
(81, '22-00073', 4, 23, 5, 3, '2023-09-09 17:16:21', 1),
(82, '22-00073', 4, 24, 5, 3, '2023-09-09 17:16:21', 1),
(83, '22-00073', 4, 25, 5, 3, '2023-09-09 17:16:21', 1),
(84, '22-00073', 4, 26, 5, 3, '2023-09-09 17:16:21', 1),
(85, '22-00073', 4, 27, 5, 3, '2023-09-09 17:16:21', 1),
(86, '22-00073', 4, 28, 5, 3, '2023-09-09 17:16:21', 1),
(87, '22-00073', 4, 29, 4, 3, '2023-09-09 17:16:21', 1),
(88, '19-13777', 6, 1, 5, 4, '2023-09-09 17:20:52', 1),
(89, '19-13777', 6, 2, 5, 4, '2023-09-09 17:20:52', 1),
(90, '19-13777', 6, 3, 5, 4, '2023-09-09 17:20:52', 1),
(91, '19-13777', 6, 4, 5, 4, '2023-09-09 17:20:52', 1),
(92, '19-13777', 6, 5, 5, 4, '2023-09-09 17:20:52', 1),
(93, '19-13777', 6, 6, 5, 4, '2023-09-09 17:20:52', 1),
(94, '19-13777', 6, 7, 5, 4, '2023-09-09 17:20:52', 1),
(95, '19-13777', 6, 8, 5, 4, '2023-09-09 17:20:52', 1),
(96, '19-13777', 6, 9, 5, 4, '2023-09-09 17:20:52', 1),
(97, '19-13777', 6, 10, 4, 4, '2023-09-09 17:20:52', 1),
(98, '19-13777', 6, 11, 5, 4, '2023-09-09 17:20:52', 1),
(99, '19-13777', 6, 12, 5, 4, '2023-09-09 17:20:52', 1),
(100, '19-13777', 6, 13, 4, 4, '2023-09-09 17:20:52', 1),
(101, '19-13777', 6, 14, 5, 4, '2023-09-09 17:20:52', 1),
(102, '19-13777', 6, 15, 5, 4, '2023-09-09 17:20:52', 1),
(103, '19-13777', 6, 16, 4, 4, '2023-09-09 17:20:52', 1),
(104, '19-13777', 6, 17, 5, 4, '2023-09-09 17:20:52', 1),
(105, '19-13777', 6, 18, 5, 4, '2023-09-09 17:20:52', 1),
(106, '19-13777', 6, 19, 5, 4, '2023-09-09 17:20:52', 1),
(107, '19-13777', 6, 20, 5, 4, '2023-09-09 17:20:52', 1),
(108, '19-13777', 6, 21, 4, 4, '2023-09-09 17:20:52', 1),
(109, '19-13777', 6, 22, 4, 4, '2023-09-09 17:20:52', 1),
(110, '19-13777', 6, 23, 4, 4, '2023-09-09 17:20:52', 1),
(111, '19-13777', 6, 24, 5, 4, '2023-09-09 17:20:52', 1),
(112, '19-13777', 6, 25, 5, 4, '2023-09-09 17:20:52', 1),
(113, '19-13777', 6, 26, 5, 4, '2023-09-09 17:20:52', 1),
(114, '19-13777', 6, 27, 5, 4, '2023-09-09 17:20:52', 1),
(115, '19-13777', 6, 28, 5, 4, '2023-09-09 17:20:52', 1),
(116, '19-13777', 6, 29, 5, 4, '2023-09-09 17:20:52', 1),
(117, '20-14810', 7, 1, 5, 5, '2023-09-09 17:23:01', 1),
(118, '20-14810', 7, 2, 5, 5, '2023-09-09 17:23:01', 1),
(119, '20-14810', 7, 3, 5, 5, '2023-09-09 17:23:01', 1),
(120, '20-14810', 7, 4, 5, 5, '2023-09-09 17:23:01', 1),
(121, '20-14810', 7, 5, 5, 5, '2023-09-09 17:23:01', 1),
(122, '20-14810', 7, 6, 5, 5, '2023-09-09 17:23:01', 1),
(123, '20-14810', 7, 7, 5, 5, '2023-09-09 17:23:01', 1),
(124, '20-14810', 7, 8, 5, 5, '2023-09-09 17:23:01', 1),
(125, '20-14810', 7, 9, 5, 5, '2023-09-09 17:23:01', 1),
(126, '20-14810', 7, 10, 5, 5, '2023-09-09 17:23:01', 1),
(127, '20-14810', 7, 11, 5, 5, '2023-09-09 17:23:01', 1),
(128, '20-14810', 7, 12, 5, 5, '2023-09-09 17:23:01', 1),
(129, '20-14810', 7, 13, 5, 5, '2023-09-09 17:23:01', 1),
(130, '20-14810', 7, 14, 4, 5, '2023-09-09 17:23:01', 1),
(131, '20-14810', 7, 15, 5, 5, '2023-09-09 17:23:01', 1),
(132, '20-14810', 7, 16, 5, 5, '2023-09-09 17:23:01', 1),
(133, '20-14810', 7, 17, 5, 5, '2023-09-09 17:23:01', 1),
(134, '20-14810', 7, 18, 5, 5, '2023-09-09 17:23:01', 1),
(135, '20-14810', 7, 19, 5, 5, '2023-09-09 17:23:01', 1),
(136, '20-14810', 7, 20, 5, 5, '2023-09-09 17:23:01', 1),
(137, '20-14810', 7, 21, 5, 5, '2023-09-09 17:23:01', 1),
(138, '20-14810', 7, 22, 5, 5, '2023-09-09 17:23:01', 1),
(139, '20-14810', 7, 23, 5, 5, '2023-09-09 17:23:01', 1),
(140, '20-14810', 7, 24, 5, 5, '2023-09-09 17:23:01', 1),
(141, '20-14810', 7, 25, 5, 5, '2023-09-09 17:23:01', 1),
(142, '20-14810', 7, 26, 5, 5, '2023-09-09 17:23:01', 1),
(143, '20-14810', 7, 27, 5, 5, '2023-09-09 17:23:01', 1),
(144, '20-14810', 7, 28, 5, 5, '2023-09-09 17:23:01', 1),
(145, '20-14810', 7, 29, 5, 5, '2023-09-09 17:23:01', 1),
(146, '18-12853', 7, 1, 5, 6, '2023-09-09 17:25:37', 1),
(147, '18-12853', 7, 2, 4, 6, '2023-09-09 17:25:37', 1),
(148, '18-12853', 7, 3, 5, 6, '2023-09-09 17:25:37', 1),
(149, '18-12853', 7, 4, 5, 6, '2023-09-09 17:25:37', 1),
(150, '18-12853', 7, 5, 4, 6, '2023-09-09 17:25:37', 1),
(151, '18-12853', 7, 6, 5, 6, '2023-09-09 17:25:37', 1),
(152, '18-12853', 7, 7, 5, 6, '2023-09-09 17:25:37', 1),
(153, '18-12853', 7, 8, 4, 6, '2023-09-09 17:25:37', 1),
(154, '18-12853', 7, 9, 5, 6, '2023-09-09 17:25:37', 1),
(155, '18-12853', 7, 10, 5, 6, '2023-09-09 17:25:37', 1),
(156, '18-12853', 7, 11, 5, 6, '2023-09-09 17:25:37', 1),
(157, '18-12853', 7, 12, 5, 6, '2023-09-09 17:25:37', 1),
(158, '18-12853', 7, 13, 4, 6, '2023-09-09 17:25:37', 1),
(159, '18-12853', 7, 14, 5, 6, '2023-09-09 17:25:37', 1),
(160, '18-12853', 7, 15, 5, 6, '2023-09-09 17:25:37', 1),
(161, '18-12853', 7, 16, 5, 6, '2023-09-09 17:25:37', 1),
(162, '18-12853', 7, 17, 5, 6, '2023-09-09 17:25:37', 1),
(163, '18-12853', 7, 18, 4, 6, '2023-09-09 17:25:37', 1),
(164, '18-12853', 7, 19, 5, 6, '2023-09-09 17:25:37', 1),
(165, '18-12853', 7, 20, 5, 6, '2023-09-09 17:25:37', 1),
(166, '18-12853', 7, 21, 5, 6, '2023-09-09 17:25:37', 1),
(167, '18-12853', 7, 22, 4, 6, '2023-09-09 17:25:37', 1),
(168, '18-12853', 7, 23, 4, 6, '2023-09-09 17:25:37', 1),
(169, '18-12853', 7, 24, 5, 6, '2023-09-09 17:25:37', 1),
(170, '18-12853', 7, 25, 5, 6, '2023-09-09 17:25:37', 1),
(171, '18-12853', 7, 26, 5, 6, '2023-09-09 17:25:37', 1),
(172, '18-12853', 7, 27, 5, 6, '2023-09-09 17:25:37', 1),
(173, '18-12853', 7, 28, 5, 6, '2023-09-09 17:25:37', 1),
(174, '18-12853', 7, 29, 5, 6, '2023-09-09 17:25:37', 1),
(175, '19-13885', 19, 1, 5, 7, '2023-09-09 17:35:22', 1),
(176, '19-13885', 19, 2, 5, 7, '2023-09-09 17:35:22', 1),
(177, '19-13885', 19, 3, 5, 7, '2023-09-09 17:35:22', 1),
(178, '19-13885', 19, 4, 5, 7, '2023-09-09 17:35:22', 1),
(179, '19-13885', 19, 5, 5, 7, '2023-09-09 17:35:22', 1),
(180, '19-13885', 19, 6, 5, 7, '2023-09-09 17:35:22', 1),
(181, '19-13885', 19, 7, 5, 7, '2023-09-09 17:35:22', 1),
(182, '19-13885', 19, 8, 4, 7, '2023-09-09 17:35:22', 1),
(183, '19-13885', 19, 9, 4, 7, '2023-09-09 17:35:22', 1),
(184, '19-13885', 19, 10, 5, 7, '2023-09-09 17:35:22', 1),
(185, '19-13885', 19, 11, 5, 7, '2023-09-09 17:35:22', 1),
(186, '19-13885', 19, 12, 5, 7, '2023-09-09 17:35:22', 1),
(187, '19-13885', 19, 13, 5, 7, '2023-09-09 17:35:22', 1),
(188, '19-13885', 19, 14, 4, 7, '2023-09-09 17:35:22', 1),
(189, '19-13885', 19, 15, 5, 7, '2023-09-09 17:35:22', 1),
(190, '19-13885', 19, 16, 5, 7, '2023-09-09 17:35:22', 1),
(191, '19-13885', 19, 17, 5, 7, '2023-09-09 17:35:22', 1),
(192, '19-13885', 19, 18, 5, 7, '2023-09-09 17:35:22', 1),
(193, '19-13885', 19, 19, 5, 7, '2023-09-09 17:35:22', 1),
(194, '19-13885', 19, 20, 5, 7, '2023-09-09 17:35:22', 1),
(195, '19-13885', 19, 21, 4, 7, '2023-09-09 17:35:22', 1),
(196, '19-13885', 19, 22, 3, 7, '2023-09-09 17:35:22', 1),
(197, '19-13885', 19, 23, 4, 7, '2023-09-09 17:35:22', 1),
(198, '19-13885', 19, 24, 5, 7, '2023-09-09 17:35:22', 1),
(199, '19-13885', 19, 25, 5, 7, '2023-09-09 17:35:22', 1),
(200, '19-13885', 19, 26, 5, 7, '2023-09-09 17:35:22', 1),
(201, '19-13885', 19, 27, 5, 7, '2023-09-09 17:35:22', 1),
(202, '19-13885', 19, 28, 5, 7, '2023-09-09 17:35:22', 1),
(203, '19-13885', 19, 29, 5, 7, '2023-09-09 17:35:22', 1),
(204, '21-00399', 17, 1, 4, 8, '2023-09-09 17:40:16', 1),
(205, '21-00399', 17, 2, 4, 8, '2023-09-09 17:40:16', 1),
(206, '21-00399', 17, 3, 3, 8, '2023-09-09 17:40:16', 1),
(207, '21-00399', 17, 4, 5, 8, '2023-09-09 17:40:16', 1),
(208, '21-00399', 17, 5, 5, 8, '2023-09-09 17:40:16', 1),
(209, '21-00399', 17, 6, 5, 8, '2023-09-09 17:40:16', 1),
(210, '21-00399', 17, 7, 5, 8, '2023-09-09 17:40:16', 1),
(211, '21-00399', 17, 8, 4, 8, '2023-09-09 17:40:16', 1),
(212, '21-00399', 17, 9, 5, 8, '2023-09-09 17:40:16', 1),
(213, '21-00399', 17, 10, 5, 8, '2023-09-09 17:40:16', 1),
(214, '21-00399', 17, 11, 5, 8, '2023-09-09 17:40:16', 1),
(215, '21-00399', 17, 12, 4, 8, '2023-09-09 17:40:16', 1),
(216, '21-00399', 17, 13, 5, 8, '2023-09-09 17:40:16', 1),
(217, '21-00399', 17, 14, 5, 8, '2023-09-09 17:40:16', 1),
(218, '21-00399', 17, 15, 5, 8, '2023-09-09 17:40:16', 1),
(219, '21-00399', 17, 16, 5, 8, '2023-09-09 17:40:16', 1),
(220, '21-00399', 17, 17, 5, 8, '2023-09-09 17:40:16', 1),
(221, '21-00399', 17, 18, 4, 8, '2023-09-09 17:40:16', 1),
(222, '21-00399', 17, 19, 5, 8, '2023-09-09 17:40:16', 1),
(223, '21-00399', 17, 20, 4, 8, '2023-09-09 17:40:16', 1),
(224, '21-00399', 17, 21, 2, 8, '2023-09-09 17:40:16', 1),
(225, '21-00399', 17, 22, 3, 8, '2023-09-09 17:40:16', 1),
(226, '21-00399', 17, 23, 5, 8, '2023-09-09 17:40:16', 1),
(227, '21-00399', 17, 24, 5, 8, '2023-09-09 17:40:16', 1),
(228, '21-00399', 17, 25, 5, 8, '2023-09-09 17:40:16', 1),
(229, '21-00399', 17, 26, 5, 8, '2023-09-09 17:40:16', 1),
(230, '21-00399', 17, 27, 4, 8, '2023-09-09 17:40:16', 1),
(231, '21-00399', 17, 28, 5, 8, '2023-09-09 17:40:16', 1),
(232, '21-00399', 17, 29, 4, 8, '2023-09-09 17:40:16', 1),
(233, '18-13063', 11, 1, 5, 9, '2023-09-09 17:44:46', 1),
(234, '18-13063', 11, 2, 5, 9, '2023-09-09 17:44:46', 1),
(235, '18-13063', 11, 3, 5, 9, '2023-09-09 17:44:46', 1),
(236, '18-13063', 11, 4, 5, 9, '2023-09-09 17:44:46', 1),
(237, '18-13063', 11, 5, 5, 9, '2023-09-09 17:44:46', 1),
(238, '18-13063', 11, 6, 5, 9, '2023-09-09 17:44:46', 1),
(239, '18-13063', 11, 7, 5, 9, '2023-09-09 17:44:46', 1),
(240, '18-13063', 11, 8, 5, 9, '2023-09-09 17:44:46', 1),
(241, '18-13063', 11, 9, 5, 9, '2023-09-09 17:44:46', 1),
(242, '18-13063', 11, 10, 5, 9, '2023-09-09 17:44:46', 1),
(243, '18-13063', 11, 11, 5, 9, '2023-09-09 17:44:46', 1),
(244, '18-13063', 11, 12, 5, 9, '2023-09-09 17:44:46', 1),
(245, '18-13063', 11, 13, 5, 9, '2023-09-09 17:44:46', 1),
(246, '18-13063', 11, 14, 5, 9, '2023-09-09 17:44:46', 1),
(247, '18-13063', 11, 15, 5, 9, '2023-09-09 17:44:46', 1),
(248, '18-13063', 11, 16, 5, 9, '2023-09-09 17:44:46', 1),
(249, '18-13063', 11, 17, 4, 9, '2023-09-09 17:44:46', 1),
(250, '18-13063', 11, 18, 5, 9, '2023-09-09 17:44:46', 1),
(251, '18-13063', 11, 19, 5, 9, '2023-09-09 17:44:46', 1),
(252, '18-13063', 11, 20, 5, 9, '2023-09-09 17:44:46', 1),
(253, '18-13063', 11, 21, 5, 9, '2023-09-09 17:44:46', 1),
(254, '18-13063', 11, 22, 4, 9, '2023-09-09 17:44:46', 1),
(255, '18-13063', 11, 23, 5, 9, '2023-09-09 17:44:46', 1),
(256, '18-13063', 11, 24, 5, 9, '2023-09-09 17:44:46', 1),
(257, '18-13063', 11, 25, 5, 9, '2023-09-09 17:44:46', 1),
(258, '18-13063', 11, 26, 5, 9, '2023-09-09 17:44:46', 1),
(259, '18-13063', 11, 27, 5, 9, '2023-09-09 17:44:46', 1),
(260, '18-13063', 11, 28, 5, 9, '2023-09-09 17:44:46', 1),
(261, '18-13063', 11, 29, 3, 9, '2023-09-09 17:44:46', 1),
(262, '19-13839', 15, 1, 5, 10, '2023-09-09 18:46:40', 1),
(263, '19-13839', 15, 2, 5, 10, '2023-09-09 18:46:40', 1),
(264, '19-13839', 15, 3, 5, 10, '2023-09-09 18:46:40', 1),
(265, '19-13839', 15, 4, 5, 10, '2023-09-09 18:46:40', 1),
(266, '19-13839', 15, 5, 5, 10, '2023-09-09 18:46:40', 1),
(267, '19-13839', 15, 6, 5, 10, '2023-09-09 18:46:40', 1),
(268, '19-13839', 15, 7, 5, 10, '2023-09-09 18:46:40', 1),
(269, '19-13839', 15, 8, 5, 10, '2023-09-09 18:46:40', 1),
(270, '19-13839', 15, 9, 5, 10, '2023-09-09 18:46:40', 1),
(271, '19-13839', 15, 10, 5, 10, '2023-09-09 18:46:40', 1),
(272, '19-13839', 15, 11, 5, 10, '2023-09-09 18:46:40', 1),
(273, '19-13839', 15, 12, 5, 10, '2023-09-09 18:46:40', 1),
(274, '19-13839', 15, 13, 5, 10, '2023-09-09 18:46:40', 1),
(275, '19-13839', 15, 14, 4, 10, '2023-09-09 18:46:40', 1),
(276, '19-13839', 15, 15, 5, 10, '2023-09-09 18:46:40', 1),
(277, '19-13839', 15, 16, 5, 10, '2023-09-09 18:46:40', 1),
(278, '19-13839', 15, 17, 5, 10, '2023-09-09 18:46:40', 1),
(279, '19-13839', 15, 18, 5, 10, '2023-09-09 18:46:40', 1),
(280, '19-13839', 15, 19, 4, 10, '2023-09-09 18:46:40', 1),
(281, '19-13839', 15, 20, 5, 10, '2023-09-09 18:46:40', 1),
(282, '19-13839', 15, 21, 4, 10, '2023-09-09 18:46:40', 1),
(283, '19-13839', 15, 22, 4, 10, '2023-09-09 18:46:40', 1),
(284, '19-13839', 15, 23, 3, 10, '2023-09-09 18:46:40', 1),
(285, '19-13839', 15, 24, 3, 10, '2023-09-09 18:46:40', 1),
(286, '19-13839', 15, 25, 4, 10, '2023-09-09 18:46:40', 1),
(287, '19-13839', 15, 26, 5, 10, '2023-09-09 18:46:40', 1),
(288, '19-13839', 15, 27, 5, 10, '2023-09-09 18:46:40', 1),
(289, '19-13839', 15, 28, 5, 10, '2023-09-09 18:46:40', 1),
(290, '19-13839', 15, 29, 3, 10, '2023-09-09 18:46:40', 1),
(291, '19-13777', 2, 1, 5, 11, '2023-10-01 05:26:47', 1),
(292, '19-13777', 2, 2, 4, 11, '2023-10-01 05:26:47', 1),
(293, '19-13777', 2, 3, 5, 11, '2023-10-01 05:26:47', 1),
(294, '19-13777', 2, 4, 5, 11, '2023-10-01 05:26:47', 1),
(295, '19-13777', 2, 5, 5, 11, '2023-10-01 05:26:47', 1),
(296, '19-13777', 2, 6, 5, 11, '2023-10-01 05:26:47', 1),
(297, '19-13777', 2, 7, 5, 11, '2023-10-01 05:26:47', 1),
(298, '19-13777', 2, 8, 4, 11, '2023-10-01 05:26:47', 1),
(299, '19-13777', 2, 9, 5, 11, '2023-10-01 05:26:47', 1),
(300, '19-13777', 2, 10, 5, 11, '2023-10-01 05:26:47', 1),
(301, '19-13777', 2, 11, 5, 11, '2023-10-01 05:26:47', 1),
(302, '19-13777', 2, 12, 5, 11, '2023-10-01 05:26:47', 1),
(303, '19-13777', 2, 13, 4, 11, '2023-10-01 05:26:47', 1),
(304, '19-13777', 2, 14, 5, 11, '2023-10-01 05:26:47', 1),
(305, '19-13777', 2, 15, 5, 11, '2023-10-01 05:26:47', 1),
(306, '19-13777', 2, 16, 5, 11, '2023-10-01 05:26:47', 1),
(307, '19-13777', 2, 17, 5, 11, '2023-10-01 05:26:47', 1),
(308, '19-13777', 2, 18, 5, 11, '2023-10-01 05:26:47', 1),
(309, '19-13777', 2, 19, 5, 11, '2023-10-01 05:26:47', 1),
(310, '19-13777', 2, 20, 4, 11, '2023-10-01 05:26:47', 1),
(311, '19-13777', 2, 21, 5, 11, '2023-10-01 05:26:47', 1),
(312, '19-13777', 2, 22, 5, 11, '2023-10-01 05:26:47', 1),
(313, '19-13777', 2, 23, 5, 11, '2023-10-01 05:26:47', 1),
(314, '19-13777', 2, 24, 5, 11, '2023-10-01 05:26:47', 1),
(315, '19-13777', 2, 25, 5, 11, '2023-10-01 05:26:47', 1),
(316, '19-13777', 2, 26, 5, 11, '2023-10-01 05:26:47', 1),
(317, '19-13777', 2, 27, 5, 11, '2023-10-01 05:26:47', 1),
(318, '19-13777', 2, 28, 5, 11, '2023-10-01 05:26:47', 1),
(319, '19-13777', 2, 29, 5, 11, '2023-10-01 05:26:47', 1),
(320, '19-13777', 6, 1, 5, 12, '2023-10-01 05:33:34', 1),
(321, '19-13777', 6, 2, 4, 12, '2023-10-01 05:33:34', 1),
(322, '19-13777', 6, 3, 5, 12, '2023-10-01 05:33:34', 1),
(323, '19-13777', 6, 4, 5, 12, '2023-10-01 05:33:34', 1),
(324, '19-13777', 6, 5, 5, 12, '2023-10-01 05:33:34', 1),
(325, '19-13777', 6, 6, 5, 12, '2023-10-01 05:33:34', 1),
(326, '19-13777', 6, 7, 5, 12, '2023-10-01 05:33:34', 1),
(327, '19-13777', 6, 8, 5, 12, '2023-10-01 05:33:34', 1),
(328, '19-13777', 6, 9, 5, 12, '2023-10-01 05:33:34', 1),
(329, '19-13777', 6, 10, 4, 12, '2023-10-01 05:33:34', 1),
(330, '19-13777', 6, 11, 5, 12, '2023-10-01 05:33:34', 1),
(331, '19-13777', 6, 12, 5, 12, '2023-10-01 05:33:34', 1),
(332, '19-13777', 6, 13, 5, 12, '2023-10-01 05:33:34', 1),
(333, '19-13777', 6, 14, 5, 12, '2023-10-01 05:33:34', 1),
(334, '19-13777', 6, 15, 5, 12, '2023-10-01 05:33:34', 1),
(335, '19-13777', 6, 16, 5, 12, '2023-10-01 05:33:34', 1),
(336, '19-13777', 6, 17, 5, 12, '2023-10-01 05:33:34', 1),
(337, '19-13777', 6, 18, 3, 12, '2023-10-01 05:33:34', 1),
(338, '19-13777', 6, 19, 5, 12, '2023-10-01 05:33:34', 1),
(339, '19-13777', 6, 20, 4, 12, '2023-10-01 05:33:34', 1),
(340, '19-13777', 6, 21, 5, 12, '2023-10-01 05:33:34', 1),
(341, '19-13777', 6, 22, 5, 12, '2023-10-01 05:33:34', 1),
(342, '19-13777', 6, 23, 5, 12, '2023-10-01 05:33:34', 1),
(343, '19-13777', 6, 24, 5, 12, '2023-10-01 05:33:34', 1),
(344, '19-13777', 6, 25, 5, 12, '2023-10-01 05:33:34', 1),
(345, '19-13777', 6, 26, 5, 12, '2023-10-01 05:33:34', 1),
(346, '19-13777', 6, 27, 5, 12, '2023-10-01 05:33:34', 1),
(347, '19-13777', 6, 28, 3, 12, '2023-10-01 05:33:34', 1),
(348, '19-13777', 6, 29, 5, 12, '2023-10-01 05:33:34', 1);

-- --------------------------------------------------------

--
-- Table structure for table `faculty`
--

CREATE TABLE `faculty` (
  `facID` int(11) NOT NULL,
  `facNum` varchar(255) DEFAULT NULL,
  `lname` varchar(255) NOT NULL,
  `fname` varchar(255) NOT NULL,
  `mi` varchar(255) DEFAULT NULL,
  `deptID` int(10) UNSIGNED NOT NULL,
  `is_deleted` tinyint(1) NOT NULL DEFAULT 0
) ENGINE=InnoDB DEFAULT CHARSET=utf8mb4 COLLATE=utf8mb4_general_ci;

--
-- Dumping data for table `faculty`
--

INSERT INTO `faculty` (`facID`, `facNum`, `lname`, `fname`, `mi`, `deptID`, `is_deleted`) VALUES
(115, '23-00001', 'Arsenal', 'Roy Rouie', '', 1, 0),
(116, '23-00002', 'Asuncion', 'Valeree', NULL, 2, 0),
(117, '23-00003', 'Lucero', 'Machael', NULL, 3, 0),
(118, '23-00004', 'Lucero', 'Harold', NULL, 2, 0),
(119, '23-00005', 'Gagolinan', 'Noel', NULL, 4, 0),
(120, '23-00006', 'Gaya', 'Nandy', NULL, 5, 0),
(121, '23-00007', 'Carullo', 'William', NULL, 3, 0),
(122, '23-00008', 'Roa', 'Alex', NULL, 3, 0),
(123, '23-00009', 'Linawan', 'James', NULL, 4, 0),
(124, '23-00010', 'Pineda', 'Rollie', NULL, 2, 0),
(125, '23-00011', 'Tuazon', 'Louie', NULL, 4, 0),
(126, '23-00012', 'Darilag', 'Benedict', NULL, 3, 0),
(127, '23-00013', 'Nomabilis', 'Christine', NULL, 3, 0),
(128, '23-00014', 'Taguinod', 'Jovelyn', NULL, 4, 0),
(129, '23-00015', 'Quezon', 'Ocfemia', NULL, 3, 0),
(130, '23-00016', 'Isidoro', 'Richard', NULL, 5, 0),
(131, '23-00017', 'Villaseñor', 'Randy', NULL, 4, 0),
(132, '23-00018', 'Confessor', 'May', NULL, 4, 0),
(133, '23-00019', 'Lumada', 'Ronalynne', NULL, 1, 0),
(134, '23-00020', 'Culltivo', 'Rosell', NULL, 4, 0),
(135, '23-00021', 'Lim', 'Patrick', NULL, 3, 0),
(136, '23-00022', 'Encarnado', 'Eillen', NULL, 2, 0),
(137, '23-00023', 'Pena', 'Lance', NULL, 3, 0),
(138, '23-00024', 'Candaza', 'Eliseo', NULL, 3, 0),
(139, '23-00025', 'Macaraeg', 'Christine', NULL, 2, 0),
(140, '23-00026', 'Soriano', 'Hilda', NULL, 4, 0),
(141, '23-00027', 'Durana', 'Jim', NULL, 2, 0),
(142, '23-00028', 'Velasco', 'Egardo', NULL, 1, 0),
(143, '23-00029', 'Roa', 'Alex', NULL, 1, 0),
(144, '23-00030', 'Abenir', 'James', NULL, 1, 0),
(145, '23-00031', 'Dancel', 'Edith', NULL, 4, 0),
(146, '23-00032', 'Laude', 'Anthony', NULL, 1, 0),
(147, '23-00033', 'Sanchez', 'Protacio', NULL, 4, 0),
(148, '23-00034', 'Matias', 'Rosechelle', NULL, 5, 0),
(149, '23-00035', 'Cativo', 'Jerome', NULL, 1, 0),
(150, '23-00036', 'De Guzman', 'Adrian Rey', NULL, 1, 0),
(151, '23-00037', 'Viray', 'Ferdinand', NULL, 3, 0),
(152, '23-00038', 'Bunag', 'Roy ', NULL, 1, 0),
(153, '23-00039', 'Maasin', 'Christian', NULL, 1, 0),
(154, '23-00040', 'Carolino', 'Ruselle', NULL, 1, 0);

-- --------------------------------------------------------

--
-- Table structure for table `faculty_member`
--

CREATE TABLE `faculty_member` (
  `fmID` int(11) NOT NULL,
  `facID` int(255) NOT NULL,
  `deptID` int(255) DEFAULT NULL
) ENGINE=InnoDB DEFAULT CHARSET=utf8mb4 COLLATE=utf8mb4_general_ci;

--
-- Dumping data for table `faculty_member`
--

INSERT INTO `faculty_member` (`fmID`, `facID`, `deptID`) VALUES
(1, 1, 2),
(2, 2, 3),
(3, 3, 3),
(4, 4, 1),
(5, 5, 1),
(6, 6, 3),
(7, 7, 3),
(8, 8, 1),
(9, 9, 1),
(10, 10, 3),
(11, 11, 2),
(12, 12, 1),
(13, 3, 1),
(14, 14, 1),
(15, 10, 4),
(16, 16, 5),
(17, 17, 2),
(18, 18, 1),
(19, 19, 2),
(20, 20, 3),
(21, 21, 5),
(22, 22, 3),
(23, 27, 5),
(24, 28, 4),
(25, 29, 1),
(26, 30, 5),
(27, 31, 1),
(28, 32, 4),
(29, 15, 5),
(30, 15, 3),
(31, 33, 5),
(32, 34, 5);

-- --------------------------------------------------------

--
-- Table structure for table `position`
--

CREATE TABLE `position` (
  `positionnum` int(11) NOT NULL,
  `positionname` varchar(255) NOT NULL,
  `is_deleted` tinyint(1) NOT NULL DEFAULT 0
) ENGINE=InnoDB DEFAULT CHARSET=utf8mb4 COLLATE=utf8mb4_general_ci;

--
-- Dumping data for table `position`
--

INSERT INTO `position` (`positionnum`, `positionname`, `is_deleted`) VALUES
(1, 'Admin', 0),
(2, 'Dean', 0),
(3, 'Student', 0);

-- --------------------------------------------------------

--
-- Table structure for table `questions`
--

CREATE TABLE `questions` (
  `quesID` int(11) NOT NULL,
  `catID` int(10) NOT NULL,
  `ques` varchar(255) NOT NULL,
  `quesTagalog` varchar(255) NOT NULL
) ENGINE=InnoDB DEFAULT CHARSET=utf8mb4 COLLATE=utf8mb4_general_ci;

--
-- Dumping data for table `questions`
--

INSERT INTO `questions` (`quesID`, `catID`, `ques`, `quesTagalog`) VALUES
(1, 1, 'Shows mastery of the theories and principles of the subject matter', 'Nagpapakita ng karunungan sa mga teorya at prinsipyo ng paksa'),
(2, 1, 'Provides a variety of appropriate examples related to the subject matter and real-life situations', 'Nagbibigay ng iba\'t ibang angkop na halimbawa na may kaugnay sa paksa at mga sitwasyon sa totoong buhay'),
(3, 1, 'Shows proficient in the language required to use as medium of instruction', 'Naipapakita ang bihasa sa wikang kinakailangang gamitin bilang midyum sa pagtuturo'),
(4, 1, 'Answer students\' question with clarity and confidence', 'Sagutin nang malinaw at may kumpiyansa ang mga tanong ng mga mag-aaral'),
(5, 1, 'Explains the lesson thoroughly and emphasizes important points', 'Naipapaliwanag nang lubusan ang aralin at binibigyang-diin ang mahahalagang punto'),
(6, 1, 'Enriches the lesson through the use of reference materials other than the textbooks', 'Napapayaman ang aralin sa pamamagitan ng paggamit ng mga sangguniang materyales maliban sa mga aklat-aralin'),
(7, 1, 'Cites up-to-date information on the subject matter', 'Binabanggit ang napapanahong impormasyon sa paksa'),
(8, 1, 'Comes to class well-prepared', 'Pumapasok sa klase na handa'),
(9, 2, 'Provide course syllabus/outline and explain learning objectives', 'Nagbibigay ng silabus/outline ng kurso at ipaliwanag ang mga layunin sa pagkatuto'),
(10, 2, 'Properly orient the students on the Grading system and other requirements of the course', 'Tamang i-orient ang mga mag-aaral sa Grading system at iba pang pangangailangan ng kurso'),
(11, 2, 'Incorporate a variety of teaching methods and instructional strategies', 'Isama ang iba\'t ibang paraan ng pagtuturo at istratehiya sa pagtuturo'),
(12, 2, 'Maintain classroom discipline and creates an environment conducive learning', 'Panatilihin ang disiplina sa silid-aralan at lumilikha at kapaligirang kaaya-aya sa pag-aaral'),
(13, 2, 'Checks and return graded reports and papers within reasonable time', 'Nagsusuri at nagbabalik ng namarkahang ulat at mga papel sa loob ng makatwirang panahon'),
(14, 2, 'Summarizes key points at the end of every lessons', 'Nagbubuod ng mahahalagang punto sa katapusan ng bawat aralin'),
(15, 2, 'Prepare tests related to the lesson discussed', 'Maghanda ng mga pagsusulit na may kaugnayan sa tinalakay na aralin'),
(16, 2, 'Encourage students to react, to discuss, and to ask questions', 'Himukin ang mga mag-aaral nga mag-react, magtalakay, at magtanong'),
(17, 2, 'Shows confidence, enthusiasm, and vitality in teaching the subject matter', 'Magpakita ng tiwala, sigasig, at sigla sa pagtuturo ng paksa'),
(18, 2, 'Deliver lessons in accordance with the time frame as prescribed in the syllabus', 'Maghatid ng mga aralin alinsunod sa takdang panahon na itinakda sa silabus'),
(19, 3, 'Explains in the class vision, mission, and objective/goals of the institution', 'Nagpapaliwanag sa class vision, mission at objectives/goals ng institusyon'),
(20, 3, 'Integrates Teresian values into teaching', 'Isinasama ang mga pagpapahalagang Teresian sa pagtuturo'),
(21, 3, 'Makes herself/himself available for consultations', 'Ginagawang magagamit ang kanyang sarili para sa mga konsultasyon'),
(22, 3, 'Comes to class regularly', 'Regular na pumasok sa klase'),
(23, 3, 'Starts and dismissess the class on time', 'Magsimula at mag-dismiss sa klase sa takdang oras'),
(24, 3, 'Summarizes key points at the end of every lessons', 'Nagbubuod ng mahahalagang punto sa pagtatapos ng bawat aralin'),
(25, 3, 'Provides timely feedback to the students on their performance', 'Nakapagbibigay ng napapanahong puna sa mga mag-aaral sa kanilang pagganap'),
(26, 3, 'Observes proper dress code and grooming', 'Nasusunod ang wastong pananamit at pag-aayos'),
(27, 3, 'Exhibits proper conduct worthy of respect by the students', 'Nagpapakita ng wastong pag-uugali na karapat-dapat igalang ang mga maga-aaral'),
(28, 3, 'Shows respect for students', 'Nagpapakita ng paggalang sa mga mag-aaral'),
(29, 3, 'Observes fairness in giving grades', 'Nagmamasid sa pagiging patas sa pagbibigay ng grado');

-- --------------------------------------------------------

--
-- Table structure for table `save`
--

CREATE TABLE `save` (
  `answerID` int(255) NOT NULL,
  `quesID` int(255) NOT NULL,
  `catID` int(10) NOT NULL,
  `answer` int(10) NOT NULL
) ENGINE=InnoDB DEFAULT CHARSET=utf8mb4 COLLATE=utf8mb4_general_ci;

--
-- Dumping data for table `save`
--

INSERT INTO `save` (`answerID`, `quesID`, `catID`, `answer`) VALUES
(1, 1, 0, 5),
(2, 2, 0, 4),
(3, 3, 0, 4),
(4, 4, 0, 4),
(5, 5, 0, 5),
(6, 6, 0, 5),
(7, 7, 0, 5),
(8, 8, 0, 4),
(9, 9, 0, 3),
(10, 10, 0, 3),
(11, 11, 0, 3),
(12, 12, 0, 3),
(13, 13, 0, 4),
(14, 14, 0, 4),
(15, 15, 0, 3),
(16, 16, 0, 2),
(17, 17, 0, 5),
(18, 18, 0, 5),
(19, 19, 0, 4),
(20, 20, 0, 3),
(21, 21, 0, 2),
(22, 22, 0, 1),
(23, 23, 0, 2),
(24, 24, 0, 3),
(25, 25, 0, 4),
(26, 26, 0, 5),
(27, 27, 0, 4),
(28, 28, 0, 3),
(29, 29, 0, 3),
(30, 30, 0, 3),
(31, 1, 0, 5),
(32, 2, 0, 5),
(33, 3, 0, 4),
(34, 4, 0, 4),
(35, 5, 0, 3),
(36, 6, 0, 3),
(37, 7, 0, 2),
(38, 8, 0, 2),
(39, 9, 0, 1),
(40, 10, 0, 1),
(41, 11, 0, 2),
(42, 12, 0, 4),
(43, 13, 0, 5),
(44, 14, 0, 5),
(45, 15, 0, 4),
(46, 16, 0, 3),
(47, 17, 0, 2),
(48, 18, 0, 1),
(49, 19, 0, 2),
(50, 20, 0, 3),
(51, 21, 0, 4),
(52, 22, 0, 5),
(53, 23, 0, 4),
(54, 24, 0, 3),
(55, 25, 0, 2),
(56, 26, 0, 1),
(57, 27, 0, 1),
(58, 28, 0, 1),
(59, 29, 0, 1),
(60, 30, 0, 1),
(61, 1, 0, 5),
(62, 2, 0, 5),
(63, 3, 0, 4),
(64, 4, 0, 5),
(65, 5, 0, 4),
(66, 6, 0, 5),
(67, 7, 0, 4),
(68, 8, 0, 5),
(69, 9, 0, 4),
(70, 10, 0, 5),
(71, 11, 0, 4),
(72, 12, 0, 5),
(73, 13, 0, 5),
(74, 14, 0, 5),
(75, 15, 0, 5),
(76, 16, 0, 5),
(77, 17, 0, 5),
(78, 18, 0, 5),
(79, 19, 0, 4),
(80, 20, 0, 5),
(81, 21, 0, 4),
(82, 22, 0, 5),
(83, 23, 0, 5),
(84, 24, 0, 5),
(85, 25, 0, 4),
(86, 26, 0, 5),
(87, 27, 0, 5),
(88, 28, 0, 5),
(89, 29, 0, 5),
(90, 30, 0, 5);

-- --------------------------------------------------------

--
-- Table structure for table `school_year`
--

CREATE TABLE `school_year` (
  `syID` int(11) NOT NULL,
  `sy` varchar(9) NOT NULL,
  `termID` tinyint(4) DEFAULT NULL,
  `is_active` int(11) NOT NULL DEFAULT 1
) ENGINE=InnoDB DEFAULT CHARSET=utf8mb4 COLLATE=utf8mb4_general_ci;

--
-- Dumping data for table `school_year`
--

INSERT INTO `school_year` (`syID`, `sy`, `termID`, `is_active`) VALUES
(1, '2022-2023', 1, 0),
(2, '2023-2024', 1, 0),
(3, '2024-2025', 2, 0),
(4, '2025-2026', 2, 1);

-- --------------------------------------------------------

--
-- Table structure for table `sentiment`
--

CREATE TABLE `sentiment` (
  `sentimentID` int(2) NOT NULL,
  `sentiments` varchar(20) NOT NULL
) ENGINE=InnoDB DEFAULT CHARSET=utf8mb4 COLLATE=utf8mb4_general_ci;

--
-- Dumping data for table `sentiment`
--

INSERT INTO `sentiment` (`sentimentID`, `sentiments`) VALUES
(1, 'positive'),
(2, 'negative');

-- --------------------------------------------------------

--
-- Table structure for table `settings`
--

CREATE TABLE `settings` (
  `syID` int(11) NOT NULL,
  `termID` int(11) NOT NULL
) ENGINE=InnoDB DEFAULT CHARSET=utf8mb4 COLLATE=utf8mb4_general_ci;

--
-- Dumping data for table `settings`
--

INSERT INTO `settings` (`syID`, `termID`) VALUES
(1, 2);

-- --------------------------------------------------------

--
-- Table structure for table `students`
--

CREATE TABLE `students` (
  `studID` int(11) NOT NULL,
  `studnum` varchar(255) DEFAULT NULL,
  `lname` varchar(255) NOT NULL,
  `fname` varchar(255) NOT NULL,
  `mi` varchar(255) DEFAULT NULL,
  `deptID` int(11) NOT NULL,
  `is_deleted` tinyint(1) DEFAULT 0
) ENGINE=InnoDB DEFAULT CHARSET=utf8mb4 COLLATE=utf8mb4_general_ci;

--
-- Dumping data for table `students`
--

INSERT INTO `students` (`studID`, `studnum`, `lname`, `fname`, `mi`, `deptID`, `is_deleted`) VALUES
(486, '20-14767', 'Abobon', 'Dannabelle Jane', NULL, 1, 0),
(487, '18-12838', 'Alde', 'John Jay', NULL, 2, 0),
(488, '19-14171', 'Arcibal', 'Patricia Maria', NULL, 1, 0),
(489, '20-14918', 'Bernal', 'Joshua', NULL, 4, 0),
(490, '18-13007', 'Berondo', 'Jaspher Jay', NULL, 3, 0),
(491, '20-14968', 'Cabittada', 'Jerald', NULL, 2, 0),
(492, '18-12873', 'Camba', 'Kyle', NULL, 4, 0),
(493, '18-13168', 'Cayaban', 'Jose Carlo', NULL, 5, 0),
(494, '19-13864', 'Dadis', 'Zyra Natalie', NULL, 1, 0),
(495, '19-14181', 'Daga', 'Mary Jane', NULL, 5, 0),
(496, '20-14954', 'Doblon', 'Mark Angelo ', NULL, 1, 0),
(497, '20-14853', 'Duhaylungsod', 'Samuel', NULL, 5, 0),
(498, '21-14994', 'Edoria', 'John Daniel', NULL, 1, 0),
(499, '19-13983', 'Galon ', 'Ivan Harvey', NULL, 5, 0),
(500, '18-13105', 'Geminiano', 'Sam', NULL, 4, 0),
(501, '19-13839', 'Gilbaliga', 'Herdine', NULL, 3, 0),
(502, '19-14152', 'Gunting', 'Jeane Rose', NULL, 2, 0),
(503, '14-7385', 'Herbulario', 'Oscar', NULL, 2, 0),
(504, '20-14772', 'Jaramillo', 'John Christian ', NULL, 4, 0),
(505, '18-12858', 'Balondo', 'Raymond', NULL, 1, 0),
(506, '16-11202', 'Jusay', 'Jessica', NULL, 4, 0),
(507, '20-14810', 'Licardo', 'Ma. Nina Moanna', NULL, 1, 0),
(508, '18-13124', 'Lizaba', 'Rina Clarisse', NULL, 4, 0),
(509, '19-13777', 'Mameloto', 'Nicole', NULL, 1, 0),
(510, '20-14904', 'Manahan ', 'John Mark Lester', NULL, 5, 0),
(511, '18-12905', 'Ortile', 'John Christopher', NULL, 1, 0),
(512, '20-14870', 'Papango', 'Noel', NULL, 4, 0),
(513, '18-12809', 'Puzon', 'Harold Francis', NULL, 4, 0),
(514, '20-14829', 'Rafanan', 'Michael Angelo', NULL, 2, 0),
(515, '18-12879', 'Raymundo', 'Nichols', NULL, 5, 0),
(516, '17-12397', 'Reyes', 'Mart Adrian', NULL, 4, 0),
(517, NULL, 'Rodriguez', 'Sheryl', NULL, 4, 0),
(518, '18-13201', 'Samar', 'Spencer', NULL, 1, 0),
(519, '19-14001', 'Ulatan', 'Arjehwie', NULL, 5, 0),
(520, '20-14777', 'Villanueva', 'Jeverlyn', NULL, 3, 0),
(521, '19-14252', 'Acha', 'Jhon Arthur', NULL, 4, 0),
(522, '20-14925', 'Adviento', 'Emmanuel Gabriel', NULL, 5, 0),
(523, '20-14958', 'Baron', 'Marc Paul', NULL, 5, 0),
(524, '20-14825', 'Bongapat', 'John Ric', NULL, 3, 0),
(525, '21-00343', 'Cabusora', 'Jeffrey', NULL, 1, 0),
(526, '21-00394', 'Capoquian', 'Jomer', NULL, 2, 0),
(527, '19-14378', 'Caramoan', 'Raniel John', NULL, 2, 0),
(528, '20-14786', 'Carpo', 'Joeshua Carl', NULL, 5, 0),
(529, '20-14778', 'Colina', 'Joshua ', NULL, 3, 0),
(530, '18-12890', 'Diaz', 'Timothy Justin', NULL, 1, 0),
(531, '20-14977', 'Filomeno', 'John Francis', NULL, 3, 0),
(532, '16-11568', 'Garcia', 'Auwen Hartt', NULL, 2, 0),
(533, '18-13135', 'Groesbeck', 'Christian', NULL, 5, 0),
(534, '20-14971', 'Huertas', 'Charles', NULL, 3, 0),
(535, '18-12973', 'Inocencio', 'Angelie', NULL, 4, 0),
(536, '18-12995', 'Jacobo', 'Janzelle', NULL, 2, 0),
(537, '20-14951', 'Javier', 'Christian', NULL, 1, 0),
(538, '20-14942', 'Labrador', 'Jeem Roi', NULL, 1, 0),
(539, '20-14956', 'Maiquez', 'Image Marie', NULL, 5, 0),
(540, '18-13640', 'Moralba', 'Jean Claude', NULL, 3, 0),
(541, '20-14882', 'Muyco', 'Ysrael', NULL, 2, 0),
(542, '19-14113', 'Navalta', 'Daniel Paul', NULL, 5, 0),
(543, '19-13912', 'Noda', 'Jeperson', NULL, 1, 0),
(544, '18-13493', 'Palamara', 'Bryan', NULL, 2, 0),
(545, '20-14897', 'Piertemos', 'Jemaima', NULL, 5, 0),
(546, '19-14401', 'Quibol', 'John Ray', NULL, 2, 0),
(547, '20-14782', 'Rivas', 'Karkleo', NULL, 3, 0),
(548, '20-14906', 'Rosario', 'Junmar', NULL, 2, 0),
(549, '20-14834', 'Ruado', 'Brent Andrei', NULL, 2, 0),
(550, '18-13677', 'Ruedas', 'John Ferry', NULL, 1, 0),
(551, '20-14889', 'Saballa', 'Yves Cyruz', NULL, 2, 0),
(552, '20-14849', 'Taboada', 'Marc Michael', NULL, 3, 0),
(553, '18-13070', 'Villa', ' Michael', NULL, 2, 0),
(554, '18-13136', 'Vitug', 'Adrian Jade', NULL, 4, 0),
(555, '20-14946', 'Yee', 'Cedrick', NULL, 5, 0),
(556, '21-00245', 'Mabutin', 'Pia', NULL, 5, 0),
(557, '21-00298', 'Almaden', 'John Patrick ', NULL, 5, 0),
(558, '21-00431', 'Angara ', 'Dionel', NULL, 3, 0),
(559, '22-00207', 'Borja', 'Jeffrey', NULL, 5, 0),
(560, '21-00584', 'Bugayong', 'Frederick', NULL, 3, 0),
(561, '21-00402', 'Carolino', 'Reggie', NULL, 2, 0),
(562, '21-00092', 'Catubig', 'Paul Anthony', NULL, 4, 0),
(563, '15-10677', 'Clemente', 'Tito Armando', NULL, 1, 0),
(564, '21-00209', 'Del Monte', 'Jhon Erolle', NULL, 3, 0),
(565, '22-00249', 'Del Rosario', 'Christian Lloyd', NULL, 4, 0),
(566, '21-00264', 'Dela Cruz', 'Derick Dionice', NULL, 2, 0),
(567, '21-14987', 'Domingo', 'John Benedict', NULL, 1, 0),
(568, '21-00420', 'Fortuna', 'Gloria', NULL, 5, 0),
(569, '21-00217', 'Gilbaliga', 'Jayson', NULL, 1, 0),
(570, '22-00206', 'Jimenez', 'Leian Joseph', NULL, 4, 0),
(571, '21-00196', 'Lagua', 'Carlo', NULL, 3, 0),
(572, '21-00306', 'Lebuna', 'Jayric', NULL, 2, 0),
(573, '21-00149', 'Logmao', 'Darren Andrei', NULL, 5, 0),
(574, '21-00265', 'Loto', 'Micah Ella', NULL, 3, 0),
(575, '21-00364', 'Lucas', 'Allen Mark', NULL, 5, 0),
(576, '13-6388', 'Mancanes', 'Mareal Ann', NULL, 4, 0),
(577, '13-5639', 'Navaroza', 'Claudine Febrey', NULL, 1, 0),
(578, '21-00226', 'Ordoño', 'Maricris', NULL, 2, 0),
(579, '21-00421', 'Peñaranda', 'Jonathan', NULL, 3, 0),
(580, '21-00312', 'Plasabas', 'Daryl', NULL, 5, 0),
(581, '21-00307', 'Reyes', 'Anthony Justin', NULL, 2, 0),
(582, '21-00059', 'Rosario', 'Jeffrey', NULL, 2, 0),
(583, '22-00205', 'Sereño', 'Justine', NULL, 3, 0),
(584, '21-00168', 'Sila', 'John Ricoh', NULL, 5, 0),
(585, '21-00141', 'Sunguad', 'Mark Danrill', NULL, 4, 0),
(586, '21-00038', 'Villanueva', 'Ernesto Emil', NULL, 1, 0),
(587, '21-00017', 'Achondo', 'Joshua Trazen', NULL, 2, 0),
(588, '21-00446', 'Arellano', 'Reigner Dranreb', NULL, 4, 0),
(589, '21-00419', 'Barreda', 'Lordlene', NULL, 3, 0),
(590, '21-00399', 'Barron', 'Babylyn', NULL, 2, 0),
(591, '21-00193', 'Belen', 'Justice', NULL, 1, 0),
(592, '21-00095', 'Bufi', 'John Joshua', NULL, 4, 0),
(593, '21-00155', 'Bunag', 'Rob Maynard', NULL, 5, 0),
(594, '19-14118', 'Cabrera', 'Matthew', NULL, 2, 0),
(595, '21-00424', 'Calano', 'Aljhon', NULL, 3, 0),
(596, '21-00036', 'Coronel', 'Niña Sophia', NULL, 5, 0),
(597, '21-00101', 'Dautil', 'John Michael', NULL, 3, 0),
(598, '21-00075', 'Espinosa', 'Mark Jason', NULL, 2, 0),
(599, '21-00471', 'Francisco', 'Elna', NULL, 4, 0),
(600, '21-00429', 'Gregorio', 'Arabela', NULL, 2, 0),
(601, '19-14419', 'Llaneta', 'Ma. Cristel', NULL, 2, 0),
(602, '21-00313', 'Lopez', 'Johnsen', NULL, 1, 0),
(603, '21-00090', 'Maglinao', 'Joshua', NULL, 3, 0),
(604, '21-00439', 'Manaog', 'Shyrille', NULL, 5, 0),
(605, '21-00139', 'Mangompit', 'Karylle', NULL, 1, 0),
(606, '21-00072', 'Navarro', 'Alliah Mei', NULL, 1, 0),
(607, '21-00614', 'Odog', 'Froilan', NULL, 3, 0),
(608, '21-00321', 'Olila', 'Dyno', NULL, 5, 0),
(609, '23-00292', 'Pineda ', 'Emmanuel ', NULL, 2, 0),
(610, '21-00544', 'Quibol', 'Den Mark', NULL, 1, 0),
(611, '21-00132', 'Quimora', 'Khervin John', NULL, 4, 0),
(612, '21-00027', 'Rodriguez', 'Mariel', NULL, 1, 0),
(613, '21-00077', 'Sabas', 'Gabrielle Ann', NULL, 1, 0),
(614, '21-00465', 'Suanson', 'Rochelle', NULL, 5, 0),
(615, '21-00089', 'Troyo', 'Stanly Angelo', NULL, 4, 0),
(616, '21-00048', 'Tumalom', 'Ferdinand', NULL, 3, 0),
(617, '19-14657', 'Vargas', 'Rhenzel', NULL, 3, 0),
(618, '21-00713', 'Alaba', 'Renz', NULL, 1, 0),
(619, '21-00320', 'Arboleda', 'Arrone', NULL, 4, 0),
(620, '21-00349', 'Asumbrado', 'Ahrren', NULL, 3, 0),
(621, '21-00315', 'Ayoon', 'Ricks', NULL, 2, 0),
(622, '21-00324', 'Cadayona', 'Frederick Ruis', NULL, 5, 0),
(623, '21-00309', 'Casta', 'Mark Edison', NULL, 3, 0),
(624, '21-00650', 'Castillo', 'Christian Bernard', NULL, 2, 0),
(625, '21-00158', 'Catequista', 'Marc Daniele', NULL, 2, 0),
(626, '14-7164', 'Contreras', 'Lyra Pearl', NULL, 1, 0),
(627, '21-00400', 'Dairo', 'Adrian', NULL, 4, 0),
(628, '21-00230', 'David', 'Jhon Kieslr', NULL, 1, 0),
(629, '21-00367', 'Dela Cruz', 'Jordan', NULL, 3, 0),
(630, '21-00486', 'Dela Torre', 'Orlando', NULL, 3, 0),
(631, '21-00381', 'Gupo', 'Junrie', NULL, 2, 0),
(632, '19-14044', 'Hofileña', 'John Rin Mart', NULL, 1, 0),
(633, '21-00303', 'Lim', 'Jhon Paolo', NULL, 4, 0),
(634, '21-00280', 'Morte', 'Renzy Carlo', NULL, 1, 0),
(635, '21-00723', 'Muncal', 'Eizal Kate', NULL, 5, 0),
(636, '19-13995', 'Obo', 'Francis', NULL, 4, 0),
(637, '22-00148', 'Obseñares', 'Paul Vincent', NULL, 3, 0),
(638, '21-00531', 'Parallag', 'Hannah Sarah', NULL, 1, 0),
(639, '19-13768', 'Rabanes', 'Jose Fernan', NULL, 3, 0),
(640, '21-00603', 'Rabino', 'Mañolito', NULL, 5, 0),
(641, '19-14101', 'Rebuelta', 'Elijan Ken', NULL, 4, 0),
(642, '21-00259', 'Salas', 'Robert', NULL, 2, 0),
(643, '21-00247', 'Santos', 'John Deo', NULL, 1, 0),
(644, '22-00271', 'Sedilla', 'Mark Roldan', NULL, 4, 0),
(645, '21-00301', 'Somoza', 'Franklin', NULL, 5, 0),
(646, '20-14922', 'Tanjutco', 'Rhode Jefferson', NULL, 3, 0);

-- --------------------------------------------------------

--
-- Table structure for table `students2`
--

CREATE TABLE `students2` (
  `studID` int(11) NOT NULL,
  `studnum` varchar(255) DEFAULT NULL,
  `lname` varchar(255) NOT NULL,
  `fname` varchar(255) NOT NULL,
  `mi` varchar(255) DEFAULT NULL,
  `deptID` int(11) NOT NULL,
  `is_deleted` tinyint(1) NOT NULL DEFAULT 0
) ENGINE=InnoDB DEFAULT CHARSET=utf8mb4 COLLATE=utf8mb4_general_ci;

--
-- Dumping data for table `students2`
--

INSERT INTO `students2` (`studID`, `studnum`, `lname`, `fname`, `mi`, `deptID`, `is_deleted`) VALUES
(38, '20-14767', 'Abobon', 'Dannabelle Jane', NULL, 1, 0),
(39, '18-12838', 'Alde', 'John Jay', NULL, 2, 0),
(40, '19-14171', 'Arcibal', 'Patricia Maria', NULL, 1, 0),
(41, '20-14918', 'Bernal', 'Joshua', NULL, 4, 0),
(42, '18-13007', 'Berondo', 'Jaspher Jay', NULL, 3, 0),
(43, '20-14968', 'Cabittada', 'Jerald', NULL, 2, 0),
(44, '18-12873', 'Camba', 'Kyle', NULL, 4, 0),
(45, '18-13168', 'Cayaban', 'Jose Carlo', NULL, 5, 0),
(46, '19-13864', 'Dadis', 'Zyra Natalie', NULL, 1, 0),
(47, '19-14181', 'Daga', 'Mary Jane', NULL, 5, 0),
(48, '20-14954', 'Doblon', 'Mark Angelo ', NULL, 1, 0),
(49, '20-14853', 'Duhaylungsod', 'Samuel', NULL, 5, 0),
(50, '21-14994', 'Edoria', 'John Daniel', NULL, 1, 0),
(51, '19-13983', 'Galon ', 'Ivan Harvey', NULL, 5, 0),
(52, '18-13105', 'Geminiano', 'Sam', NULL, 4, 0),
(53, '19-13839', 'Gilbaliga', 'Herdine', NULL, 3, 0),
(54, '19-14152', 'Gunting', 'Jeane Rose', NULL, 2, 0),
(55, '14-7385', 'Herbulario', 'Oscar', NULL, 2, 0),
(56, '20-14772', 'Jaramillo', 'John Christian ', NULL, 4, 0),
(57, '18-12858', 'Jandugan', 'Jester', NULL, 1, 0),
(58, '16-11202', 'Jusay', 'Jessica', NULL, 4, 0),
(59, '20-14810', 'Licardo', 'Ma. Nina Moanna', NULL, 1, 0),
(60, '18-13124', 'Lizaba', 'Rina Clarisse', NULL, 4, 0),
(61, '19-13777', 'Mameloto', 'Nicole', NULL, 1, 0),
(62, '20-14904', 'Manahan ', 'John Mark Lester', NULL, 5, 0),
(63, '18-12905', 'Ortile', 'John Christopher', NULL, 1, 0),
(64, '20-14870', 'Papango', 'Noel', NULL, 4, 0),
(65, '18-12809', 'Puzon', 'Harold Francis', NULL, 4, 0),
(66, '20-14829', 'Rafanan', 'Michael Angelo', NULL, 2, 0),
(67, '18-12879', 'Raymundo', 'Nichols', NULL, 5, 0),
(68, '17-12397', 'Reyes', 'Mart Adrian', NULL, 4, 0),
(69, NULL, 'Rodriguez', 'Sheryl', NULL, 4, 0),
(70, '18-13201', 'Samar', 'Spencer', NULL, 1, 0),
(71, '19-14001', 'Ulatan', 'Arjehwie', NULL, 5, 0),
(72, '20-14777', 'Villanueva', 'Jeverlyn', NULL, 3, 0),
(73, '19-14252', 'Acha', 'Jhon Arthur', NULL, 4, 0),
(74, '20-14925', 'Adviento', 'Emmanuel Gabriel', NULL, 5, 0),
(75, '20-14958', 'Baron', 'Marc Paul', NULL, 5, 0),
(76, '20-14825', 'Bongapat', 'John Ric', NULL, 3, 0),
(77, '21-00343', 'Cabusora', 'Jeffrey', NULL, 1, 0),
(78, '21-00394', 'Capoquian', 'Jomer', NULL, 2, 0),
(79, '19-14378', 'Caramoan', 'Raniel John', NULL, 2, 0),
(80, '20-14786', 'Carpo', 'Joeshua Carl', NULL, 5, 0),
(81, '20-14778', 'Colina', 'Joshua ', NULL, 3, 0),
(82, '18-12890', 'Diaz', 'Timothy Justin', NULL, 1, 0),
(83, '20-14977', 'Filomeno', 'John Francis', NULL, 3, 0),
(84, '16-11568', 'Garcia', 'Auwen Hartt', NULL, 2, 0),
(85, '18-13135', 'Groesbeck', 'Christian', NULL, 5, 0),
(86, '20-14971', 'Huertas', 'Charles', NULL, 3, 0),
(87, '18-12973', 'Inocencio', 'Angelie', NULL, 4, 0),
(88, '18-12995', 'Jacobo', 'Janzelle', NULL, 2, 0),
(89, '20-14951', 'Javier', 'Christian', NULL, 1, 0),
(90, '20-14942', 'Labrador', 'Jeem Roi', NULL, 1, 0),
(91, '20-14956', 'Maiquez', 'Image Marie', NULL, 5, 0),
(92, '18-13640', 'Moralba', 'Jean Claude', NULL, 3, 0),
(93, '20-14882', 'Muyco', 'Ysrael', NULL, 2, 0),
(94, '19-14113', 'Navalta', 'Daniel Paul', NULL, 5, 0),
(95, '19-13912', 'Noda', 'Jeperson', NULL, 1, 0),
(96, '18-13493', 'Palamara', 'Bryan', NULL, 2, 0),
(97, '20-14897', 'Piertemos', 'Jemaima', NULL, 5, 0),
(98, '19-14401', 'Quibol', 'John Ray', NULL, 2, 0),
(99, '20-14782', 'Rivas', 'Karkleo', NULL, 3, 0),
(100, '20-14906', 'Rosario', 'Junmar', NULL, 2, 0),
(101, '20-14834', 'Ruado', 'Brent Andrei', NULL, 2, 0),
(102, '18-13677', 'Ruedas', 'John Ferry', NULL, 1, 0),
(103, '20-14889', 'Saballa', 'Yves Cyruz', NULL, 2, 0),
(104, '20-14849', 'Taboada', 'Marc Michael', NULL, 3, 0),
(105, '18-13070', 'Villa', ' Michael', NULL, 2, 0),
(106, '18-13136', 'Vitug', 'Adrian Jade', NULL, 4, 0),
(107, '20-14946', 'Yee', 'Cedrick', NULL, 5, 0),
(108, '21-00245', 'Abitona', 'Kent Andrei', NULL, 1, 0),
(109, '21-00298', 'Almaden', 'John Patrick ', NULL, 5, 0),
(110, '21-00431', 'Angara ', 'Dionel', NULL, 3, 0),
(111, '22-00207', 'Borja', 'Jeffrey', NULL, 5, 0),
(112, '21-00584', 'Bugayong', 'Frederick', NULL, 3, 0),
(113, '21-00402', 'Carolino', 'Reggie', NULL, 2, 0),
(114, '21-00092', 'Catubig', 'Paul Anthony', NULL, 4, 0),
(115, '15-10677', 'Clemente', 'Tito Armando', NULL, 1, 0),
(116, '21-00209', 'Del Monte', 'Jhon Erolle', NULL, 3, 0),
(117, '22-00249', 'Del Rosario', 'Christian Lloyd', NULL, 4, 0),
(118, '21-00264', 'Dela Cruz', 'Derick Dionice', NULL, 2, 0),
(119, '21-14987', 'Domingo', 'John Benedict', NULL, 1, 0),
(120, '21-00420', 'Fortuna', 'Gloria', NULL, 5, 0),
(121, '21-00217', 'Gilbaliga', 'Jayson', NULL, 1, 0),
(122, '22-00206', 'Jimenez', 'Leian Joseph', NULL, 4, 0),
(123, '21-00196', 'Lagua', 'Carlo', NULL, 3, 0),
(124, '21-00306', 'Lebuna', 'Jayric', NULL, 2, 0),
(125, '21-00149', 'Logmao', 'Darren Andrei', NULL, 5, 0),
(126, '21-00265', 'Loto', 'Micah Ella', NULL, 3, 0),
(127, '21-00364', 'Lucas', 'Allen Mark', NULL, 5, 0),
(128, '13-6388', 'Mancanes', 'Mareal Ann', NULL, 4, 0),
(129, '13-5639', 'Navaroza', 'Claudine Febrey', NULL, 1, 0),
(130, '21-00226', 'Ordoño', 'Maricris', NULL, 2, 0),
(131, '21-00421', 'Peñaranda', 'Jonathan', NULL, 3, 0),
(132, '21-00312', 'Plasabas', 'Daryl', NULL, 5, 0),
(133, '21-00307', 'Reyes', 'Anthony Justin', NULL, 2, 0),
(134, '21-00059', 'Rosario', 'Jeffrey', NULL, 2, 0),
(135, '22-00205', 'Sereño', 'Justine', NULL, 3, 0),
(136, '21-00168', 'Sila', 'John Ricoh', NULL, 5, 0),
(137, '21-00141', 'Sunguad', 'Mark Danrill', NULL, 4, 0),
(138, '21-00038', 'Villanueva', 'Ernesto Emil', NULL, 1, 0),
(139, '21-00017', 'Achondo', 'Joshua Trazen', NULL, 2, 0),
(140, '21-00446', 'Arellano', 'Reigner Dranreb', NULL, 4, 0),
(141, '21-00419', 'Barreda', 'Lordlene', NULL, 3, 0),
(142, '21-00399', 'Barron', 'Babylyn', NULL, 2, 0),
(143, '21-00193', 'Belen', 'Justice', NULL, 1, 0),
(144, '21-00095', 'Bufi', 'John Joshua', NULL, 4, 0),
(145, '21-00155', 'Bunag', 'Rob Maynard', NULL, 5, 0),
(146, '19-14118', 'Cabrera', 'Matthew', NULL, 2, 0),
(147, '21-00424', 'Calano', 'Aljhon', NULL, 3, 0),
(148, '21-00036', 'Coronel', 'Niña Sophia', NULL, 5, 0),
(149, '21-00101', 'Dautil', 'John Michael', NULL, 3, 0),
(150, '21-00075', 'Espinosa', 'Mark Jason', NULL, 2, 0),
(151, '21-00471', 'Francisco', 'Elna', NULL, 4, 0),
(152, '21-00429', 'Gregorio', 'Arabela', NULL, 2, 0),
(153, '19-14419', 'Llaneta', 'Ma. Cristel', NULL, 2, 0),
(154, '21-00313', 'Lopez', 'Johnsen', NULL, 1, 0),
(155, '21-00090', 'Maglinao', 'Joshua', NULL, 3, 0),
(156, '21-00439', 'Manaog', 'Shyrille', NULL, 5, 0),
(157, '21-00139', 'Mangompit', 'Karylle', NULL, 1, 0),
(158, '21-00072', 'Navarro', 'Alliah Mei', NULL, 1, 0),
(159, '21-00614', 'Odog', 'Froilan', NULL, 3, 0),
(160, '21-00321', 'Olila', 'Dyno', NULL, 5, 0),
(161, '23-00292', 'Pineda ', 'Emmanuel ', NULL, 2, 0),
(162, '21-00544', 'Quibol', 'Den Mark', NULL, 1, 0),
(163, '21-00132', 'Quimora', 'Khervin John', NULL, 4, 0),
(164, '21-00027', 'Rodriguez', 'Mariel', NULL, 1, 0),
(165, '21-00077', 'Sabas', 'Gabrielle Ann', NULL, 1, 0),
(166, '21-00465', 'Suanson', 'Rochelle', NULL, 5, 0),
(167, '21-00089', 'Troyo', 'Stanly Angelo', NULL, 4, 0),
(168, '21-00048', 'Tumalom', 'Ferdinand', NULL, 3, 0),
(169, '19-14657', 'Vargas', 'Rhenzel', NULL, 3, 0),
(170, '21-00713', 'Alaba', 'Renz', NULL, 1, 0),
(171, '21-00320', 'Arboleda', 'Arrone', NULL, 4, 0),
(172, '21-00349', 'Asumbrado', 'Ahrren', NULL, 3, 0),
(173, '21-00315', 'Ayoon', 'Ricks', NULL, 2, 0),
(174, '21-00324', 'Cadayona', 'Frederick Ruis', NULL, 5, 0),
(175, '21-00309', 'Casta', 'Mark Edison', NULL, 3, 0),
(176, '21-00650', 'Castillo', 'Christian Bernard', NULL, 2, 0),
(177, '21-00158', 'Catequista', 'Marc Daniele', NULL, 2, 0),
(178, '14-7164', 'Contreras', 'Lyra Pearl', NULL, 1, 0),
(179, '21-00400', 'Dairo', 'Adrian', NULL, 4, 0),
(180, '21-00230', 'David', 'Jhon Kieslr', NULL, 1, 0),
(181, '21-00367', 'Dela Cruz', 'Jordan', NULL, 3, 0),
(182, '21-00486', 'Dela Torre', 'Orlando', NULL, 3, 0),
(183, '21-00381', 'Gupo', 'Junrie', NULL, 2, 0),
(184, '19-14044', 'Hofileña', 'John Rin Mart', NULL, 1, 0),
(185, '21-00303', 'Lim', 'Jhon Paolo', NULL, 4, 0),
(186, '21-00280', 'Morte', 'Renzy Carlo', NULL, 1, 0),
(187, '21-00723', 'Muncal', 'Eizal Kate', NULL, 5, 0),
(188, '19-13995', 'Obo', 'Francis', NULL, 4, 0),
(189, '22-00148', 'Obseñares', 'Paul Vincent', NULL, 3, 0),
(190, '21-00531', 'Parallag', 'Hannah Sarah', NULL, 1, 0),
(191, '19-13768', 'Rabanes', 'Jose Fernan', NULL, 3, 0),
(192, '21-00603', 'Rabino', 'Mañolito', NULL, 5, 0),
(193, '19-14101', 'Rebuelta', 'Elijan Ken', NULL, 4, 0),
(194, '21-00259', 'Salas', 'Robert', NULL, 2, 0),
(195, '21-00247', 'Santos', 'John Deo', NULL, 1, 0),
(196, '22-00271', 'Sedilla', 'Mark Roldan', NULL, 4, 0),
(197, '21-00301', 'Somoza', 'Franklin', NULL, 5, 0),
(198, '20-14922', 'Tanjutco', 'Rhode Jefferson', NULL, 3, 0);

-- --------------------------------------------------------

--
-- Table structure for table `terms`
--

CREATE TABLE `terms` (
  `termID` int(11) NOT NULL,
  `term` varchar(50) DEFAULT NULL
) ENGINE=InnoDB DEFAULT CHARSET=utf8mb4 COLLATE=utf8mb4_general_ci;

--
-- Dumping data for table `terms`
--

INSERT INTO `terms` (`termID`, `term`) VALUES
(1, '1st Semester'),
(2, '2nd Semester');

-- --------------------------------------------------------

--
-- Table structure for table `user`
--

CREATE TABLE `user` (
  `userid` int(11) NOT NULL,
  `lname` varchar(255) NOT NULL,
  `fname` varchar(255) NOT NULL,
  `mname` varchar(255) DEFAULT NULL,
  `positionnum` int(255) NOT NULL,
  `is_deleted` tinyint(1) NOT NULL,
  `username` varchar(255) NOT NULL,
  `password` varchar(255) NOT NULL
) ENGINE=InnoDB DEFAULT CHARSET=utf8mb4 COLLATE=utf8mb4_general_ci;

--
-- Dumping data for table `user`
--

INSERT INTO `user` (`userid`, `lname`, `fname`, `mname`, `positionnum`, `is_deleted`, `username`, `password`) VALUES
(1, 'Linawan', 'James', 'Lustre', 1, 0, 'james', 'james'),
(2, 'Lucero', 'Harold', 'Ramirez', 2, 0, 'harold', 'harold'),
(3, 'Arsenal', 'Roy Rouie', 'Mangubat', 3, 1, 'roy', 'roy'),
(4, 'Gagolinan', 'Noel', 'Atilla', 1, 0, 'gags', 'gags'),
(5, 'Buenavista', 'JunJun', 'Labo', 1, 1, 'junjun', 'junjun'),
(6, 'Dadis', 'Alexandra Marie', 'Ventura', 3, 0, 'marie', 'marie');

-- --------------------------------------------------------

--
-- Stand-in structure for view `vweva`
-- (See below for the actual view)
--
CREATE TABLE `vweva` (
`studnum` varchar(255)
,`fm_fmID` int(11)
,`f_facID` int(11)
,`f_fn` varchar(255)
,`f_mi` varchar(255)
,`f_ln` varchar(255)
,`f_is_deleted` tinyint(1)
,`f_fullname` text
,`fm_deptID` int(11)
,`f_deptcode` varchar(255)
,`f_deptname` varchar(255)
,`quesID` int(11)
,`question` varchar(255)
,`catID` int(11)
,`catname` varchar(255)
,`choicesID` int(11)
,`choices` tinyint(10)
,`choice_desc` varchar(255)
,`comment` varchar(255)
,`date_commented` datetime
,`comment_pos` int(11)
,`comment_neg` int(11)
,`syID` int(11)
,`school_year` varchar(9)
,`termID` int(11)
,`term` varchar(50)
,`date_evaluated` datetime
);

-- --------------------------------------------------------

--
-- Stand-in structure for view `vwfacultymembers`
-- (See below for the actual view)
--
CREATE TABLE `vwfacultymembers` (
`fmID` int(11)
,`facID` int(11)
,`lname` varchar(255)
,`fname` varchar(255)
,`mi` varchar(255)
,`fullname` varchar(512)
,`faculty_is_deleted` tinyint(1)
,`deptID` int(11)
,`deptcode` varchar(255)
,`deptname` varchar(255)
,`dept_is_deleted` tinyint(1)
);

-- --------------------------------------------------------

--
-- Stand-in structure for view `vwquestions`
-- (See below for the actual view)
--
CREATE TABLE `vwquestions` (
`quesID` int(11)
,`question` varchar(255)
,`questionTagalog` varchar(255)
,`catID` int(11)
,`catname` varchar(255)
);

-- --------------------------------------------------------

--
-- Stand-in structure for view `vwstud`
-- (See below for the actual view)
--
CREATE TABLE `vwstud` (
`studID` int(11)
,`studnum` varchar(255)
,`lname` varchar(255)
,`fname` varchar(255)
,`mi` varchar(255)
,`fullname` text
,`stud_is_deleted` tinyint(1)
,`deptID` int(11)
,`deptcode` varchar(255)
,`deptname` varchar(255)
,`dept_is_deleted` tinyint(1)
);

-- --------------------------------------------------------

--
-- Stand-in structure for view `vw_faculties`
-- (See below for the actual view)
--
CREATE TABLE `vw_faculties` (
`facID` int(11)
,`facNum` varchar(255)
,`lname` varchar(255)
,`fname` varchar(255)
,`mi` varchar(255)
,`deptID` int(11)
,`deptcode` varchar(255)
,`deptname` varchar(255)
,`is_deleted` tinyint(1)
);

-- --------------------------------------------------------

--
-- Structure for view `vweva`
--
DROP TABLE IF EXISTS `vweva`;

CREATE ALGORITHM=UNDEFINED DEFINER=`root`@`localhost` SQL SECURITY DEFINER VIEW `vweva`  AS SELECT `stud`.`studnum` AS `studnum`, `fm`.`fmID` AS `fm_fmID`, `f`.`facID` AS `f_facID`, `f`.`fname` AS `f_fn`, `f`.`mi` AS `f_mi`, `f`.`lname` AS `f_ln`, `f`.`is_deleted` AS `f_is_deleted`, concat(`f`.`lname`,', ',`f`.`fname`,' ',ifnull(`f`.`mi`,' ')) AS `f_fullname`, `d_fm`.`deptID` AS `fm_deptID`, `d_fm`.`deptcode` AS `f_deptcode`, `d_fm`.`deptname` AS `f_deptname`, `q`.`quesID` AS `quesID`, `q`.`ques` AS `question`, `cat`.`catID` AS `catID`, `cat`.`catname` AS `catname`, `ch`.`choicesID` AS `choicesID`, `ch`.`choices` AS `choices`, `ch`.`description` AS `choice_desc`, `comm`.`comms` AS `comment`, `comm`.`commdate` AS `date_commented`, `comm`.`pos` AS `comment_pos`, `comm`.`neg` AS `comment_neg`, `sy`.`syID` AS `syID`, `sy`.`sy` AS `school_year`, `terms`.`termID` AS `termID`, `terms`.`term` AS `term`, `e`.`evadate` AS `date_evaluated` FROM ((((((((((((`eva` `e` join `students` `stud` on(`stud`.`studnum` = `e`.`studNum`)) join `department` `d_stud` on(`d_stud`.`deptID` = `stud`.`deptID`)) join `faculty_member` `fm` on(`fm`.`fmID` = `e`.`fmID`)) join `faculty` `f` on(`f`.`facID` = `fm`.`facID`)) join `department` `d_fm` on(`d_fm`.`deptID` = `fm`.`deptID`)) join `choice` `ch` on(`ch`.`choicesID` = `e`.`choicesID`)) join `questions` `q` on(`q`.`quesID` = `e`.`quesID`)) join `category` `cat` on(`q`.`catID` = `cat`.`catID`)) join `comments` `comm` on(`comm`.`commID` = `e`.`commID`)) join `settings` on(`settings`.`syID` = `e`.`syID`)) join `school_year` `sy` on(`sy`.`syID` = `settings`.`syID`)) join `terms` on(`terms`.`termID` = `settings`.`termID`)) ;

-- --------------------------------------------------------

--
-- Structure for view `vwfacultymembers`
--
DROP TABLE IF EXISTS `vwfacultymembers`;

CREATE ALGORITHM=UNDEFINED DEFINER=`root`@`localhost` SQL SECURITY DEFINER VIEW `vwfacultymembers`  AS SELECT `fm`.`fmID` AS `fmID`, `f`.`facID` AS `facID`, `f`.`lname` AS `lname`, `f`.`fname` AS `fname`, `f`.`mi` AS `mi`, concat(ucase(`f`.`lname`),', ',`f`.`fname`) AS `fullname`, `f`.`is_deleted` AS `faculty_is_deleted`, `d`.`deptID` AS `deptID`, `d`.`deptcode` AS `deptcode`, `d`.`deptname` AS `deptname`, `d`.`is_deleted` AS `dept_is_deleted` FROM ((`faculty_member` `fm` join `faculty` `f` on(`fm`.`facID` = `f`.`facID`)) join `department` `d` on(`fm`.`deptID` = `d`.`deptID`)) ;

-- --------------------------------------------------------

--
-- Structure for view `vwquestions`
--
DROP TABLE IF EXISTS `vwquestions`;

CREATE ALGORITHM=UNDEFINED DEFINER=`root`@`localhost` SQL SECURITY DEFINER VIEW `vwquestions`  AS SELECT `q`.`quesID` AS `quesID`, `q`.`ques` AS `question`, `q`.`quesTagalog` AS `questionTagalog`, `c`.`catID` AS `catID`, `c`.`catname` AS `catname` FROM (`questions` `q` join `category` `c` on(`c`.`catID` = `q`.`catID`)) ;

-- --------------------------------------------------------

--
-- Structure for view `vwstud`
--
DROP TABLE IF EXISTS `vwstud`;

CREATE ALGORITHM=UNDEFINED DEFINER=`root`@`localhost` SQL SECURITY DEFINER VIEW `vwstud`  AS SELECT `s`.`studID` AS `studID`, `s`.`studnum` AS `studnum`, `s`.`lname` AS `lname`, `s`.`fname` AS `fname`, `s`.`mi` AS `mi`, concat(`s`.`lname`,', ',`s`.`fname`,' ',ifnull(`s`.`mi`,' ')) AS `fullname`, `s`.`is_deleted` AS `stud_is_deleted`, `d`.`deptID` AS `deptID`, `d`.`deptcode` AS `deptcode`, `d`.`deptname` AS `deptname`, `d`.`is_deleted` AS `dept_is_deleted` FROM (`students` `s` join `department` `d` on(`s`.`deptID` = `d`.`deptID`)) ;

-- --------------------------------------------------------

--
-- Structure for view `vw_faculties`
--
DROP TABLE IF EXISTS `vw_faculties`;

CREATE ALGORITHM=UNDEFINED DEFINER=`root`@`localhost` SQL SECURITY DEFINER VIEW `vw_faculties`  AS SELECT `a`.`facID` AS `facID`, `a`.`facNum` AS `facNum`, `a`.`lname` AS `lname`, `a`.`fname` AS `fname`, `a`.`mi` AS `mi`, `b`.`deptID` AS `deptID`, `b`.`deptcode` AS `deptcode`, `b`.`deptname` AS `deptname`, `a`.`is_deleted` AS `is_deleted` FROM (`faculty` `a` join `department` `b` on(`a`.`deptID` = `b`.`deptID`)) ;

--
-- Indexes for dumped tables
--

--
-- Indexes for table `category`
--
ALTER TABLE `category`
  ADD PRIMARY KEY (`catID`);

--
-- Indexes for table `choice`
--
ALTER TABLE `choice`
  ADD PRIMARY KEY (`choicesID`);

--
-- Indexes for table `comments`
--
ALTER TABLE `comments`
  ADD PRIMARY KEY (`commID`);

--
-- Indexes for table `department`
--
ALTER TABLE `department`
  ADD PRIMARY KEY (`deptID`);

--
-- Indexes for table `eva`
--
ALTER TABLE `eva`
  ADD PRIMARY KEY (`evaID`);

--
-- Indexes for table `faculty`
--
ALTER TABLE `faculty`
  ADD PRIMARY KEY (`facID`),
  ADD UNIQUE KEY `facNum` (`facNum`);

--
-- Indexes for table `faculty_member`
--
ALTER TABLE `faculty_member`
  ADD PRIMARY KEY (`fmID`);

--
-- Indexes for table `position`
--
ALTER TABLE `position`
  ADD PRIMARY KEY (`positionnum`);

--
-- Indexes for table `questions`
--
ALTER TABLE `questions`
  ADD PRIMARY KEY (`quesID`);

--
-- Indexes for table `save`
--
ALTER TABLE `save`
  ADD PRIMARY KEY (`answerID`);

--
-- Indexes for table `school_year`
--
ALTER TABLE `school_year`
  ADD PRIMARY KEY (`syID`);

--
-- Indexes for table `sentiment`
--
ALTER TABLE `sentiment`
  ADD PRIMARY KEY (`sentimentID`);

--
-- Indexes for table `students`
--
ALTER TABLE `students`
  ADD PRIMARY KEY (`studID`);

--
-- Indexes for table `students2`
--
ALTER TABLE `students2`
  ADD PRIMARY KEY (`studID`);

--
-- Indexes for table `terms`
--
ALTER TABLE `terms`
  ADD PRIMARY KEY (`termID`);

--
-- Indexes for table `user`
--
ALTER TABLE `user`
  ADD PRIMARY KEY (`userid`);

--
-- AUTO_INCREMENT for dumped tables
--

--
-- AUTO_INCREMENT for table `category`
--
ALTER TABLE `category`
  MODIFY `catID` int(11) NOT NULL AUTO_INCREMENT, AUTO_INCREMENT=6;

--
-- AUTO_INCREMENT for table `choice`
--
ALTER TABLE `choice`
  MODIFY `choicesID` int(11) NOT NULL AUTO_INCREMENT, AUTO_INCREMENT=6;

--
-- AUTO_INCREMENT for table `comments`
--
ALTER TABLE `comments`
  MODIFY `commID` int(11) NOT NULL AUTO_INCREMENT, AUTO_INCREMENT=13;

--
-- AUTO_INCREMENT for table `department`
--
ALTER TABLE `department`
  MODIFY `deptID` int(11) NOT NULL AUTO_INCREMENT, AUTO_INCREMENT=16;

--
-- AUTO_INCREMENT for table `eva`
--
ALTER TABLE `eva`
  MODIFY `evaID` int(11) NOT NULL AUTO_INCREMENT, AUTO_INCREMENT=349;

--
-- AUTO_INCREMENT for table `faculty`
--
ALTER TABLE `faculty`
  MODIFY `facID` int(11) NOT NULL AUTO_INCREMENT, AUTO_INCREMENT=155;

--
-- AUTO_INCREMENT for table `faculty_member`
--
ALTER TABLE `faculty_member`
  MODIFY `fmID` int(11) NOT NULL AUTO_INCREMENT, AUTO_INCREMENT=33;

--
-- AUTO_INCREMENT for table `position`
--
ALTER TABLE `position`
  MODIFY `positionnum` int(11) NOT NULL AUTO_INCREMENT, AUTO_INCREMENT=4;

--
-- AUTO_INCREMENT for table `questions`
--
ALTER TABLE `questions`
  MODIFY `quesID` int(11) NOT NULL AUTO_INCREMENT, AUTO_INCREMENT=31;

--
-- AUTO_INCREMENT for table `save`
--
ALTER TABLE `save`
  MODIFY `answerID` int(255) NOT NULL AUTO_INCREMENT, AUTO_INCREMENT=91;

--
-- AUTO_INCREMENT for table `school_year`
--
ALTER TABLE `school_year`
  MODIFY `syID` int(11) NOT NULL AUTO_INCREMENT, AUTO_INCREMENT=5;

--
-- AUTO_INCREMENT for table `sentiment`
--
ALTER TABLE `sentiment`
  MODIFY `sentimentID` int(2) NOT NULL AUTO_INCREMENT, AUTO_INCREMENT=3;

--
-- AUTO_INCREMENT for table `students`
--
ALTER TABLE `students`
  MODIFY `studID` int(11) NOT NULL AUTO_INCREMENT, AUTO_INCREMENT=647;

--
-- AUTO_INCREMENT for table `students2`
--
ALTER TABLE `students2`
  MODIFY `studID` int(11) NOT NULL AUTO_INCREMENT, AUTO_INCREMENT=199;

--
-- AUTO_INCREMENT for table `terms`
--
ALTER TABLE `terms`
  MODIFY `termID` int(11) NOT NULL AUTO_INCREMENT, AUTO_INCREMENT=3;

--
-- AUTO_INCREMENT for table `user`
--
ALTER TABLE `user`
  MODIFY `userid` int(11) NOT NULL AUTO_INCREMENT, AUTO_INCREMENT=7;
COMMIT;

/*!40101 SET CHARACTER_SET_CLIENT=@OLD_CHARACTER_SET_CLIENT */;
/*!40101 SET CHARACTER_SET_RESULTS=@OLD_CHARACTER_SET_RESULTS */;
/*!40101 SET COLLATION_CONNECTION=@OLD_COLLATION_CONNECTION */;
